{"web":{"client_id":"678917972091-k3n9p26282u32mh4e7dsda6i97n449k2.apps.googleusercontent.com","project_id":"dcamp-401104","auth_uri":"https://accounts.google.com/o/oauth2/auth","token_uri":"https://oauth2.googleapis.com/token","auth_provider_x509_cert_url":"https://www.googleapis.com/oauth2/v1/certs","client_secret":"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","redirect_uris":["https://port-0-node-express-euegqv2llofuxc6r.sel5.cloudtype.app/auth","https://port-0-node-express-euegqv2llofuxc6r.sel5.cloudtype.app/chat","https://port-0-node-express-euegqv2llofuxc6r.sel5.cloudtype.app/test"],"javascript_origins":["https://port-0-node-express-euegqv2llofuxc6r.sel5.cloudtype.app"]}}